arm,rl_information,step,checkpoint,train_reward_mean,val_tr_2024_09_pct,val_tr_2024_10_pct,val_tr_2024_11_pct,test_tr_pct,test_asr,test_mdd_pct,test_ci95_log_lo,test_ci95_log_hi,reported
s4_none,state only,1,,-0.021838,,,,,,,,,
s4_none,state only,2,,-0.010747,,,,,,,,,
s4_none,state only,3,,-0.025226,,,,,,,,,
s4_none,state only,4,,-0.028209,,,,,,,,,
s4_none,state only,5,,0.004969,,,,,,,,,
s4_none,state only,6,,-0.011807,,,,,,,,,
s4_none,state only,7,,0.013785,,,,,,,,,
s4_none,state only,8,,0.006752,,,,,,,,,
s4_none,state only,9,,0.013079,,,,,,,,,
s4_none,state only,10,global_step_10,0.006857,,,,16.46,1.421,7.14,-0.0882,0.4802,
s4_none,state only,11,,0.016889,,,,,,,,,
s4_none,state only,12,,0.029738,,,,,,,,,
s4_none,state only,13,,0.017964,,,,,,,,,
s4_none,state only,14,,0.036634,,,,,,,,,
s4_none,state only,15,,0.028134,,,,,,,,,
s4_none,state only,16,,0.024654,,,,,,,,,
s4_none,state only,17,,0.038936,,,,,,,,,
s4_none,state only,18,,0.046720,,,,,,,,,
s4_none,state only,19,,0.042977,,,,,,,,,
s4_none,state only,20,global_step_20,0.049248,,,,18.32,1.601,8.96,-0.1070,0.5514,yes
s4_none,state only,21,,0.050785,,,,,,,,,
s4_none,state only,22,,0.051175,,,,,,,,,
s4_none,state only,23,,0.047251,,,,,,,,,
s4_none,state only,24,,0.059160,,,,,,,,,
s4_none,state only,25,,0.067305,,,,,,,,,
s4_none,state only,26,,0.059860,,,,,,,,,
s4_none,state only,27,,0.070809,,,,,,,,,
s4_none,state only,28,,0.089801,,,,,,,,,
s4_none,state only,29,,0.082925,,,,,,,,,
s4_none,state only,30,global_step_30,0.108578,,,,-11.50,-0.580,39.48,-0.6599,0.4120,
s4_none,state only,31,,0.099977,,,,,,,,,
s4_none,state only,32,,0.106637,,,,,,,,,
s4_none,state only,33,,0.104058,,,,,,,,,
s4_none,state only,34,,0.123247,,,,,,,,,
s4_none,state only,35,,0.117513,,,,,,,,,
s4_none,state only,36,,0.135614,,,,,,,,,
s4_none,state only,37,,0.118467,,,,,,,,,
s4_none,state only,38,,0.145611,,,,,,,,,
s4_none,state only,39,,0.126669,,,,,,,,,
s4_none,state only,40,global_step_40,0.135896,,,,-35.87,-1.838,55.92,-1.0353,0.1564,
sys_sft_rl,state + news,1,,-0.014696,,,,,,,,,
sys_sft_rl,state + news,2,,-0.008570,,,,,,,,,
sys_sft_rl,state + news,3,,-0.003513,,,,,,,,,
sys_sft_rl,state + news,4,,0.006954,,,,,,,,,
sys_sft_rl,state + news,5,,0.005070,,,,,,,,,
sys_sft_rl,state + news,6,,0.010658,,,,,,,,,
sys_sft_rl,state + news,7,,0.018051,,,,,,,,,
sys_sft_rl,state + news,8,,0.033593,,,,,,,,,
sys_sft_rl,state + news,9,,0.022517,,,,,,,,,
sys_sft_rl,state + news,10,global_step_10,0.046448,-3.41,5.09,4.93,-8.45,-0.689,24.33,-0.3231,0.2347,
sys_sft_rl,state + news,11,,0.050453,,,,,,,,,
sys_sft_rl,state + news,12,,0.036425,,,,,,,,,
sys_sft_rl,state + news,13,,0.067468,,,,,,,,,
sys_sft_rl,state + news,14,,0.065789,,,,,,,,,
sys_sft_rl,state + news,15,,0.066107,,,,,,,,,
sys_sft_rl,state + news,16,,0.075304,,,,,,,,,
sys_sft_rl,state + news,17,,0.074036,,,,,,,,,
sys_sft_rl,state + news,18,,0.097670,,,,,,,,,
sys_sft_rl,state + news,19,,0.102054,,,,,,,,,
sys_sft_rl,state + news,20,global_step_20,0.095548,-6.41,9.91,6.25,-2.72,-0.157,31.69,-0.4891,0.5181,
sys_sft_rl,state + news,21,,0.084261,,,,,,,,,
sys_sft_rl,state + news,22,,0.089398,,,,,,,,,
sys_sft_rl,state + news,23,,0.095453,,,,,,,,,
sys_sft_rl,state + news,24,,0.111846,,,,,,,,,
sys_sft_rl,state + news,25,,0.118894,,,,,,,,,
sys_sft_rl,state + news,26,,0.115228,,,,,,,,,
sys_sft_rl,state + news,27,,0.149240,,,,,,,,,
sys_sft_rl,state + news,28,,0.114380,,,,,,,,,
sys_sft_rl,state + news,29,,0.131542,,,,,,,,,
sys_sft_rl,state + news,30,global_step_30,0.129690,-12.07,,7.67,-6.66,-0.336,38.22,-0.5937,0.5038,
sys_sft_rl,state + news,31,,0.162337,,,,,,,,,
sys_sft_rl,state + news,32,,-0.043195,,,,,,,,,
sys_sft_rl,state + news,33,,0.179123,,,,,,,,,
sys_sft_rl,state + news,34,,0.163249,,,,,,,,,
sys_sft_rl,state + news,35,,-0.009647,,,,,,,,,
sys_sft_rl,state + news,36,,0.173463,,,,,,,,,
sys_sft_rl,state + news,37,,0.181675,,,,,,,,,
sys_sft_rl,state + news,38,,-0.433291,,,,,,,,,
sys_sft_rl,state + news,39,,-0.219973,,,,,,,,,
sys_sft_rl,state + news,40,global_step_40,-0.003186,-17.47,,8.51,,,,,,
